Category,total_revenue,avg_sale,order_count
Furniture,252612.74350000036,357.30232461103304,707
Technology,251991.83199999982,420.6875325542568,599
Office Supplies,220853.24899999966,116.4223769109118,1897
